title,description,category
Python Hackathon,"Python Hackathon is a technical event focusing on modern tools, programming, and real-world problem solving. Participants will learn concepts, work on hands-on tasks, and interact with mentors.",Technical
AI Workshop,"AI Workshop is a technical event focusing on modern tools, programming, and real-world problem solving. Participants will learn concepts, work on hands-on tasks, and interact with mentors.",Technical
Cloud Computing Bootcamp,"Cloud Computing Bootcamp is a technical event focusing on modern tools, programming, and real-world problem solving. Participants will learn concepts, work on hands-on tasks, and interact with mentors.",Technical
Data Science Summit,"Data Science Summit is a technical event focusing on modern tools, programming, and real-world problem solving. Participants will learn concepts, work on hands-on tasks, and interact with mentors.",Technical
Web Development Bootcamp,"Web Development Bootcamp is a technical event focusing on modern tools, programming, and real-world problem solving. Participants will learn concepts, work on hands-on tasks, and interact with mentors.",Technical
Cybersecurity Awareness Session,"Cybersecurity Awareness Session is a technical event focusing on modern tools, programming, and real-world problem solving. Participants will learn concepts, work on hands-on tasks, and interact with mentors.",Technical
DevOps Essentials,"DevOps Essentials is a technical event focusing on modern tools, programming, and real-world problem solving. Participants will learn concepts, work on hands-on tasks, and interact with mentors.",Technical
Machine Learning Weekend Camp,"Machine Learning Weekend Camp is a technical event focusing on modern tools, programming, and real-world problem solving. Participants will learn concepts, work on hands-on tasks, and interact with mentors.",Technical
Blockchain Basics Seminar,"Blockchain Basics Seminar is a technical event focusing on modern tools, programming, and real-world problem solving. Participants will learn concepts, work on hands-on tasks, and interact with mentors.",Technical
Frontend Frameworks Talk,"Frontend Frameworks Talk is a technical event focusing on modern tools, programming, and real-world problem solving. Participants will learn concepts, work on hands-on tasks, and interact with mentors.",Technical
Backend Architecture Talk,"Backend Architecture Talk is a technical event focusing on modern tools, programming, and real-world problem solving. Participants will learn concepts, work on hands-on tasks, and interact with mentors.",Technical
Mobile App Development Workshop,"Mobile App Development Workshop is a technical event focusing on modern tools, programming, and real-world problem solving. Participants will learn concepts, work on hands-on tasks, and interact with mentors.",Technical
Database Optimization Session,"Database Optimization Session is a technical event focusing on modern tools, programming, and real-world problem solving. Participants will learn concepts, work on hands-on tasks, and interact with mentors.",Technical
Big Data Analytics Meetup,"Big Data Analytics Meetup is a technical event focusing on modern tools, programming, and real-world problem solving. Participants will learn concepts, work on hands-on tasks, and interact with mentors.",Technical
Deep Learning Hands-on Lab,"Deep Learning Hands-on Lab is a technical event focusing on modern tools, programming, and real-world problem solving. Participants will learn concepts, work on hands-on tasks, and interact with mentors.",Technical
Open Source Contribution Drive,"Open Source Contribution Drive is a technical event focusing on modern tools, programming, and real-world problem solving. Participants will learn concepts, work on hands-on tasks, and interact with mentors.",Technical
Full Stack Developer Day,"Full Stack Developer Day is a technical event focusing on modern tools, programming, and real-world problem solving. Participants will learn concepts, work on hands-on tasks, and interact with mentors.",Technical
Competitive Programming Contest,"Competitive Programming Contest is a technical event focusing on modern tools, programming, and real-world problem solving. Participants will learn concepts, work on hands-on tasks, and interact with mentors.",Technical
Tech Innovation Challenge,"Tech Innovation Challenge is a technical event focusing on modern tools, programming, and real-world problem solving. Participants will learn concepts, work on hands-on tasks, and interact with mentors.",Technical
Startup Tech Pitch,"Startup Tech Pitch is a technical event focusing on modern tools, programming, and real-world problem solving. Participants will learn concepts, work on hands-on tasks, and interact with mentors.",Technical
Robotics Design Challenge,"Robotics Design Challenge is a technical event focusing on modern tools, programming, and real-world problem solving. Participants will learn concepts, work on hands-on tasks, and interact with mentors.",Technical
IoT for Smart Cities,"IoT for Smart Cities is a technical event focusing on modern tools, programming, and real-world problem solving. Participants will learn concepts, work on hands-on tasks, and interact with mentors.",Technical
Automation with Python,"Automation with Python is a technical event focusing on modern tools, programming, and real-world problem solving. Participants will learn concepts, work on hands-on tasks, and interact with mentors.",Technical
API Design Best Practices,"API Design Best Practices is a technical event focusing on modern tools, programming, and real-world problem solving. Participants will learn concepts, work on hands-on tasks, and interact with mentors.",Technical
Microservices Architecture Talk,"Microservices Architecture Talk is a technical event focusing on modern tools, programming, and real-world problem solving. Participants will learn concepts, work on hands-on tasks, and interact with mentors.",Technical
Cloud Native Apps Session,"Cloud Native Apps Session is a technical event focusing on modern tools, programming, and real-world problem solving. Participants will learn concepts, work on hands-on tasks, and interact with mentors.",Technical
Kubernetes for Beginners,"Kubernetes for Beginners is a technical event focusing on modern tools, programming, and real-world problem solving. Participants will learn concepts, work on hands-on tasks, and interact with mentors.",Technical
ReactJS Deep Dive,"ReactJS Deep Dive is a technical event focusing on modern tools, programming, and real-world problem solving. Participants will learn concepts, work on hands-on tasks, and interact with mentors.",Technical
Angular for Enterprise,"Angular for Enterprise is a technical event focusing on modern tools, programming, and real-world problem solving. Participants will learn concepts, work on hands-on tasks, and interact with mentors.",Technical
NodeJS Hack Evening,"NodeJS Hack Evening is a technical event focusing on modern tools, programming, and real-world problem solving. Participants will learn concepts, work on hands-on tasks, and interact with mentors.",Technical
Linux Command Line Basics,"Linux Command Line Basics is a technical event focusing on modern tools, programming, and real-world problem solving. Participants will learn concepts, work on hands-on tasks, and interact with mentors.",Technical
Git and GitHub Bootcamp,"Git and GitHub Bootcamp is a technical event focusing on modern tools, programming, and real-world problem solving. Participants will learn concepts, work on hands-on tasks, and interact with mentors.",Technical
Agile and Scrum Workshop,"Agile and Scrum Workshop is a technical event focusing on modern tools, programming, and real-world problem solving. Participants will learn concepts, work on hands-on tasks, and interact with mentors.",Technical
Testing and QA Fundamentals,"Testing and QA Fundamentals is a technical event focusing on modern tools, programming, and real-world problem solving. Participants will learn concepts, work on hands-on tasks, and interact with mentors.",Technical
AI Ethics Discussion,"AI Ethics Discussion is a technical event focusing on modern tools, programming, and real-world problem solving. Participants will learn concepts, work on hands-on tasks, and interact with mentors.",Technical
Natural Language Processing Intro,"Natural Language Processing Intro is a technical event focusing on modern tools, programming, and real-world problem solving. Participants will learn concepts, work on hands-on tasks, and interact with mentors.",Technical
Computer Vision Basics,"Computer Vision Basics is a technical event focusing on modern tools, programming, and real-world problem solving. Participants will learn concepts, work on hands-on tasks, and interact with mentors.",Technical
R Programming Intro,"R Programming Intro is a technical event focusing on modern tools, programming, and real-world problem solving. Participants will learn concepts, work on hands-on tasks, and interact with mentors.",Technical
Data Visualization with Python,"Data Visualization with Python is a technical event focusing on modern tools, programming, and real-world problem solving. Participants will learn concepts, work on hands-on tasks, and interact with mentors.",Technical
Data Engineering 101,"Data Engineering 101 is a technical event focusing on modern tools, programming, and real-world problem solving. Participants will learn concepts, work on hands-on tasks, and interact with mentors.",Technical
SQL Masterclass,"SQL Masterclass is a technical event focusing on modern tools, programming, and real-world problem solving. Participants will learn concepts, work on hands-on tasks, and interact with mentors.",Technical
NoSQL Databases Overview,"NoSQL Databases Overview is a technical event focusing on modern tools, programming, and real-world problem solving. Participants will learn concepts, work on hands-on tasks, and interact with mentors.",Technical
System Design Interview Prep,"System Design Interview Prep is a technical event focusing on modern tools, programming, and real-world problem solving. Participants will learn concepts, work on hands-on tasks, and interact with mentors.",Technical
Hackathon Code Sprint,"Hackathon Code Sprint is a technical event focusing on modern tools, programming, and real-world problem solving. Participants will learn concepts, work on hands-on tasks, and interact with mentors.",Technical
Algo & DS Mastery Session,"Algo & DS Mastery Session is a technical event focusing on modern tools, programming, and real-world problem solving. Participants will learn concepts, work on hands-on tasks, and interact with mentors.",Technical
Tech Talk: Future of AI,"Tech Talk: Future of AI is a technical event focusing on modern tools, programming, and real-world problem solving. Participants will learn concepts, work on hands-on tasks, and interact with mentors.",Technical
Cloud Security Essentials,"Cloud Security Essentials is a technical event focusing on modern tools, programming, and real-world problem solving. Participants will learn concepts, work on hands-on tasks, and interact with mentors.",Technical
Microcontroller Coding Lab,"Microcontroller Coding Lab is a technical event focusing on modern tools, programming, and real-world problem solving. Participants will learn concepts, work on hands-on tasks, and interact with mentors.",Technical
Game Development with Unity,"Game Development with Unity is a technical event focusing on modern tools, programming, and real-world problem solving. Participants will learn concepts, work on hands-on tasks, and interact with mentors.",Technical
AR/VR Experience Lab,"AR/VR Experience Lab is a technical event focusing on modern tools, programming, and real-world problem solving. Participants will learn concepts, work on hands-on tasks, and interact with mentors.",Technical
Embedded Systems Seminar,"Embedded Systems Seminar is a technical event focusing on modern tools, programming, and real-world problem solving. Participants will learn concepts, work on hands-on tasks, and interact with mentors.",Technical
Tech Leadership Panel,"Tech Leadership Panel is a technical event focusing on modern tools, programming, and real-world problem solving. Participants will learn concepts, work on hands-on tasks, and interact with mentors.",Technical
Women in Tech Meetup,"Women in Tech Meetup is a technical event focusing on modern tools, programming, and real-world problem solving. Participants will learn concepts, work on hands-on tasks, and interact with mentors.",Technical
APIs for Mobile Apps,"APIs for Mobile Apps is a technical event focusing on modern tools, programming, and real-world problem solving. Participants will learn concepts, work on hands-on tasks, and interact with mentors.",Technical
Docker and Containers,"Docker and Containers is a technical event focusing on modern tools, programming, and real-world problem solving. Participants will learn concepts, work on hands-on tasks, and interact with mentors.",Technical
Serverless Computing Talk,"Serverless Computing Talk is a technical event focusing on modern tools, programming, and real-world problem solving. Participants will learn concepts, work on hands-on tasks, and interact with mentors.",Technical
Edge Computing Overview,"Edge Computing Overview is a technical event focusing on modern tools, programming, and real-world problem solving. Participants will learn concepts, work on hands-on tasks, and interact with mentors.",Technical
Tech Career Guidance Session,"Tech Career Guidance Session is a technical event focusing on modern tools, programming, and real-world problem solving. Participants will learn concepts, work on hands-on tasks, and interact with mentors.",Technical
Music Night Live,"Music Night Live is a cultural event that showcases creativity, talent, and artistic expression. Attendees can enjoy performances, participate in activities, and celebrate diverse traditions.",Cultural
Classical Dance Showcase,"Classical Dance Showcase is a cultural event that showcases creativity, talent, and artistic expression. Attendees can enjoy performances, participate in activities, and celebrate diverse traditions.",Cultural
Drama Club Play,"Drama Club Play is a cultural event that showcases creativity, talent, and artistic expression. Attendees can enjoy performances, participate in activities, and celebrate diverse traditions.",Cultural
Poetry Slam Evening,"Poetry Slam Evening is a cultural event that showcases creativity, talent, and artistic expression. Attendees can enjoy performances, participate in activities, and celebrate diverse traditions.",Cultural
Stand-Up Comedy Night,"Stand-Up Comedy Night is a cultural event that showcases creativity, talent, and artistic expression. Attendees can enjoy performances, participate in activities, and celebrate diverse traditions.",Cultural
Intercollege Cultural Fest,"Intercollege Cultural Fest is a cultural event that showcases creativity, talent, and artistic expression. Attendees can enjoy performances, participate in activities, and celebrate diverse traditions.",Cultural
Open Mic Night,"Open Mic Night is a cultural event that showcases creativity, talent, and artistic expression. Attendees can enjoy performances, participate in activities, and celebrate diverse traditions.",Cultural
Folk Dance Competition,"Folk Dance Competition is a cultural event that showcases creativity, talent, and artistic expression. Attendees can enjoy performances, participate in activities, and celebrate diverse traditions.",Cultural
Short Film Screening,"Short Film Screening is a cultural event that showcases creativity, talent, and artistic expression. Attendees can enjoy performances, participate in activities, and celebrate diverse traditions.",Cultural
Photography Exhibition,"Photography Exhibition is a cultural event that showcases creativity, talent, and artistic expression. Attendees can enjoy performances, participate in activities, and celebrate diverse traditions.",Cultural
Art and Craft Workshop,"Art and Craft Workshop is a cultural event that showcases creativity, talent, and artistic expression. Attendees can enjoy performances, participate in activities, and celebrate diverse traditions.",Cultural
Painting Competition,"Painting Competition is a cultural event that showcases creativity, talent, and artistic expression. Attendees can enjoy performances, participate in activities, and celebrate diverse traditions.",Cultural
Singing Idol Contest,"Singing Idol Contest is a cultural event that showcases creativity, talent, and artistic expression. Attendees can enjoy performances, participate in activities, and celebrate diverse traditions.",Cultural
Instrumental Music Jam,"Instrumental Music Jam is a cultural event that showcases creativity, talent, and artistic expression. Attendees can enjoy performances, participate in activities, and celebrate diverse traditions.",Cultural
Fashion Show,"Fashion Show is a cultural event that showcases creativity, talent, and artistic expression. Attendees can enjoy performances, participate in activities, and celebrate diverse traditions.",Cultural
Literary Quiz,"Literary Quiz is a cultural event that showcases creativity, talent, and artistic expression. Attendees can enjoy performances, participate in activities, and celebrate diverse traditions.",Cultural
Debate Competition,"Debate Competition is a cultural event that showcases creativity, talent, and artistic expression. Attendees can enjoy performances, participate in activities, and celebrate diverse traditions.",Cultural
Storytelling Session,"Storytelling Session is a cultural event that showcases creativity, talent, and artistic expression. Attendees can enjoy performances, participate in activities, and celebrate diverse traditions.",Cultural
Creative Writing Workshop,"Creative Writing Workshop is a cultural event that showcases creativity, talent, and artistic expression. Attendees can enjoy performances, participate in activities, and celebrate diverse traditions.",Cultural
Cultural Parade,"Cultural Parade is a cultural event that showcases creativity, talent, and artistic expression. Attendees can enjoy performances, participate in activities, and celebrate diverse traditions.",Cultural
Heritage and Traditions Talk,"Heritage and Traditions Talk is a cultural event that showcases creativity, talent, and artistic expression. Attendees can enjoy performances, participate in activities, and celebrate diverse traditions.",Cultural
Regional Food Festival,"Regional Food Festival is a cultural event that showcases creativity, talent, and artistic expression. Attendees can enjoy performances, participate in activities, and celebrate diverse traditions.",Cultural
Lantern Festival Night,"Lantern Festival Night is a cultural event that showcases creativity, talent, and artistic expression. Attendees can enjoy performances, participate in activities, and celebrate diverse traditions.",Cultural
Cultural Fusion Concert,"Cultural Fusion Concert is a cultural event that showcases creativity, talent, and artistic expression. Attendees can enjoy performances, participate in activities, and celebrate diverse traditions.",Cultural
Drama Improv Workshop,"Drama Improv Workshop is a cultural event that showcases creativity, talent, and artistic expression. Attendees can enjoy performances, participate in activities, and celebrate diverse traditions.",Cultural
Origami and Paper Art,"Origami and Paper Art is a cultural event that showcases creativity, talent, and artistic expression. Attendees can enjoy performances, participate in activities, and celebrate diverse traditions.",Cultural
Theatre Appreciation Session,"Theatre Appreciation Session is a cultural event that showcases creativity, talent, and artistic expression. Attendees can enjoy performances, participate in activities, and celebrate diverse traditions.",Cultural
Film Appreciation Workshop,"Film Appreciation Workshop is a cultural event that showcases creativity, talent, and artistic expression. Attendees can enjoy performances, participate in activities, and celebrate diverse traditions.",Cultural
Multilingual Poetry Recital,"Multilingual Poetry Recital is a cultural event that showcases creativity, talent, and artistic expression. Attendees can enjoy performances, participate in activities, and celebrate diverse traditions.",Cultural
Karaoke Evening,"Karaoke Evening is a cultural event that showcases creativity, talent, and artistic expression. Attendees can enjoy performances, participate in activities, and celebrate diverse traditions.",Cultural
Mime and Movement Show,"Mime and Movement Show is a cultural event that showcases creativity, talent, and artistic expression. Attendees can enjoy performances, participate in activities, and celebrate diverse traditions.",Cultural
Classical Music Recital,"Classical Music Recital is a cultural event that showcases creativity, talent, and artistic expression. Attendees can enjoy performances, participate in activities, and celebrate diverse traditions.",Cultural
Modern Dance Battle,"Modern Dance Battle is a cultural event that showcases creativity, talent, and artistic expression. Attendees can enjoy performances, participate in activities, and celebrate diverse traditions.",Cultural
Graffiti Art Workshop,"Graffiti Art Workshop is a cultural event that showcases creativity, talent, and artistic expression. Attendees can enjoy performances, participate in activities, and celebrate diverse traditions.",Cultural
Digital Art Basics,"Digital Art Basics is a cultural event that showcases creativity, talent, and artistic expression. Attendees can enjoy performances, participate in activities, and celebrate diverse traditions.",Cultural
Handicraft Mela,"Handicraft Mela is a cultural event that showcases creativity, talent, and artistic expression. Attendees can enjoy performances, participate in activities, and celebrate diverse traditions.",Cultural
Cultural Exchange Meetup,"Cultural Exchange Meetup is a cultural event that showcases creativity, talent, and artistic expression. Attendees can enjoy performances, participate in activities, and celebrate diverse traditions.",Cultural
Campus Talent Hunt,"Campus Talent Hunt is a cultural event that showcases creativity, talent, and artistic expression. Attendees can enjoy performances, participate in activities, and celebrate diverse traditions.",Cultural
Folk Songs Evening,"Folk Songs Evening is a cultural event that showcases creativity, talent, and artistic expression. Attendees can enjoy performances, participate in activities, and celebrate diverse traditions.",Cultural
Traditional Costume Day,"Traditional Costume Day is a cultural event that showcases creativity, talent, and artistic expression. Attendees can enjoy performances, participate in activities, and celebrate diverse traditions.",Cultural
Book Reading Session,"Book Reading Session is a cultural event that showcases creativity, talent, and artistic expression. Attendees can enjoy performances, participate in activities, and celebrate diverse traditions.",Cultural
Sketching Jam,"Sketching Jam is a cultural event that showcases creativity, talent, and artistic expression. Attendees can enjoy performances, participate in activities, and celebrate diverse traditions.",Cultural
Calligraphy Workshop,"Calligraphy Workshop is a cultural event that showcases creativity, talent, and artistic expression. Attendees can enjoy performances, participate in activities, and celebrate diverse traditions.",Cultural
Campus Film Festival,"Campus Film Festival is a cultural event that showcases creativity, talent, and artistic expression. Attendees can enjoy performances, participate in activities, and celebrate diverse traditions.",Cultural
Open Air Concert,"Open Air Concert is a cultural event that showcases creativity, talent, and artistic expression. Attendees can enjoy performances, participate in activities, and celebrate diverse traditions.",Cultural
Photography Walk,"Photography Walk is a cultural event that showcases creativity, talent, and artistic expression. Attendees can enjoy performances, participate in activities, and celebrate diverse traditions.",Cultural
Art Therapy Session,"Art Therapy Session is a cultural event that showcases creativity, talent, and artistic expression. Attendees can enjoy performances, participate in activities, and celebrate diverse traditions.",Cultural
Drama Script Writing,"Drama Script Writing is a cultural event that showcases creativity, talent, and artistic expression. Attendees can enjoy performances, participate in activities, and celebrate diverse traditions.",Cultural
Campus DJ Night,"Campus DJ Night is a cultural event that showcases creativity, talent, and artistic expression. Attendees can enjoy performances, participate in activities, and celebrate diverse traditions.",Cultural
Festival Celebration Evening,"Festival Celebration Evening is a cultural event that showcases creativity, talent, and artistic expression. Attendees can enjoy performances, participate in activities, and celebrate diverse traditions.",Cultural
Cultural Quiz,"Cultural Quiz is a cultural event that showcases creativity, talent, and artistic expression. Attendees can enjoy performances, participate in activities, and celebrate diverse traditions.",Cultural
Regional Dance Night,"Regional Dance Night is a cultural event that showcases creativity, talent, and artistic expression. Attendees can enjoy performances, participate in activities, and celebrate diverse traditions.",Cultural
Ghazal Evening,"Ghazal Evening is a cultural event that showcases creativity, talent, and artistic expression. Attendees can enjoy performances, participate in activities, and celebrate diverse traditions.",Cultural
Retro Music Night,"Retro Music Night is a cultural event that showcases creativity, talent, and artistic expression. Attendees can enjoy performances, participate in activities, and celebrate diverse traditions.",Cultural
Indie Film Night,"Indie Film Night is a cultural event that showcases creativity, talent, and artistic expression. Attendees can enjoy performances, participate in activities, and celebrate diverse traditions.",Cultural
World Cultures Showcase,"World Cultures Showcase is a cultural event that showcases creativity, talent, and artistic expression. Attendees can enjoy performances, participate in activities, and celebrate diverse traditions.",Cultural
Campus Carnival,"Campus Carnival is a cultural event that showcases creativity, talent, and artistic expression. Attendees can enjoy performances, participate in activities, and celebrate diverse traditions.",Cultural
Creative Arts Fair,"Creative Arts Fair is a cultural event that showcases creativity, talent, and artistic expression. Attendees can enjoy performances, participate in activities, and celebrate diverse traditions.",Cultural
Football Tournament,"Football Tournament is a sports event aimed at promoting fitness, teamwork, and healthy competition. Players will compete in organized matches and enjoy an energetic atmosphere.",Sports
Cricket League,"Cricket League is a sports event aimed at promoting fitness, teamwork, and healthy competition. Players will compete in organized matches and enjoy an energetic atmosphere.",Sports
Basketball Championship,"Basketball Championship is a sports event aimed at promoting fitness, teamwork, and healthy competition. Players will compete in organized matches and enjoy an energetic atmosphere.",Sports
Badminton Open,"Badminton Open is a sports event aimed at promoting fitness, teamwork, and healthy competition. Players will compete in organized matches and enjoy an energetic atmosphere.",Sports
Table Tennis Championship,"Table Tennis Championship is a sports event aimed at promoting fitness, teamwork, and healthy competition. Players will compete in organized matches and enjoy an energetic atmosphere.",Sports
Volleyball Cup,"Volleyball Cup is a sports event aimed at promoting fitness, teamwork, and healthy competition. Players will compete in organized matches and enjoy an energetic atmosphere.",Sports
Athletics Meet,"Athletics Meet is a sports event aimed at promoting fitness, teamwork, and healthy competition. Players will compete in organized matches and enjoy an energetic atmosphere.",Sports
Marathon Run,"Marathon Run is a sports event aimed at promoting fitness, teamwork, and healthy competition. Players will compete in organized matches and enjoy an energetic atmosphere.",Sports
Cycling Challenge,"Cycling Challenge is a sports event aimed at promoting fitness, teamwork, and healthy competition. Players will compete in organized matches and enjoy an energetic atmosphere.",Sports
Chess Tournament,"Chess Tournament is a sports event aimed at promoting fitness, teamwork, and healthy competition. Players will compete in organized matches and enjoy an energetic atmosphere.",Sports
Carrom Championship,"Carrom Championship is a sports event aimed at promoting fitness, teamwork, and healthy competition. Players will compete in organized matches and enjoy an energetic atmosphere.",Sports
Kabaddi League,"Kabaddi League is a sports event aimed at promoting fitness, teamwork, and healthy competition. Players will compete in organized matches and enjoy an energetic atmosphere.",Sports
Intercollege Sports Meet,"Intercollege Sports Meet is a sports event aimed at promoting fitness, teamwork, and healthy competition. Players will compete in organized matches and enjoy an energetic atmosphere.",Sports
Indoor Games Fest,"Indoor Games Fest is a sports event aimed at promoting fitness, teamwork, and healthy competition. Players will compete in organized matches and enjoy an energetic atmosphere.",Sports
3K Fun Run,"3K Fun Run is a sports event aimed at promoting fitness, teamwork, and healthy competition. Players will compete in organized matches and enjoy an energetic atmosphere.",Sports
Fitness Bootcamp,"Fitness Bootcamp is a sports event aimed at promoting fitness, teamwork, and healthy competition. Players will compete in organized matches and enjoy an energetic atmosphere.",Sports
Yoga and Flexibility Session,"Yoga and Flexibility Session is a sports event aimed at promoting fitness, teamwork, and healthy competition. Players will compete in organized matches and enjoy an energetic atmosphere.",Sports
Zumba Fitness Jam,"Zumba Fitness Jam is a sports event aimed at promoting fitness, teamwork, and healthy competition. Players will compete in organized matches and enjoy an energetic atmosphere.",Sports
Swimming Competition,"Swimming Competition is a sports event aimed at promoting fitness, teamwork, and healthy competition. Players will compete in organized matches and enjoy an energetic atmosphere.",Sports
Relay Race Championship,"Relay Race Championship is a sports event aimed at promoting fitness, teamwork, and healthy competition. Players will compete in organized matches and enjoy an energetic atmosphere.",Sports
Long Jump Trials,"Long Jump Trials is a sports event aimed at promoting fitness, teamwork, and healthy competition. Players will compete in organized matches and enjoy an energetic atmosphere.",Sports
High Jump Challenge,"High Jump Challenge is a sports event aimed at promoting fitness, teamwork, and healthy competition. Players will compete in organized matches and enjoy an energetic atmosphere.",Sports
Arm Wrestling Contest,"Arm Wrestling Contest is a sports event aimed at promoting fitness, teamwork, and healthy competition. Players will compete in organized matches and enjoy an energetic atmosphere.",Sports
Powerlifting Meet,"Powerlifting Meet is a sports event aimed at promoting fitness, teamwork, and healthy competition. Players will compete in organized matches and enjoy an energetic atmosphere.",Sports
Boxing Intro Workshop,"Boxing Intro Workshop is a sports event aimed at promoting fitness, teamwork, and healthy competition. Players will compete in organized matches and enjoy an energetic atmosphere.",Sports
Self-defense Basics,"Self-defense Basics is a sports event aimed at promoting fitness, teamwork, and healthy competition. Players will compete in organized matches and enjoy an energetic atmosphere.",Sports
Sports Quiz,"Sports Quiz is a sports event aimed at promoting fitness, teamwork, and healthy competition. Players will compete in organized matches and enjoy an energetic atmosphere.",Sports
Penalty Shootout Challenge,"Penalty Shootout Challenge is a sports event aimed at promoting fitness, teamwork, and healthy competition. Players will compete in organized matches and enjoy an energetic atmosphere.",Sports
Cricket Knockout Cup,"Cricket Knockout Cup is a sports event aimed at promoting fitness, teamwork, and healthy competition. Players will compete in organized matches and enjoy an energetic atmosphere.",Sports
Table Tennis Doubles,"Table Tennis Doubles is a sports event aimed at promoting fitness, teamwork, and healthy competition. Players will compete in organized matches and enjoy an energetic atmosphere.",Sports
Mixed Badminton Championship,"Mixed Badminton Championship is a sports event aimed at promoting fitness, teamwork, and healthy competition. Players will compete in organized matches and enjoy an energetic atmosphere.",Sports
Throwball Tournament,"Throwball Tournament is a sports event aimed at promoting fitness, teamwork, and healthy competition. Players will compete in organized matches and enjoy an energetic atmosphere.",Sports
Tug of War,"Tug of War is a sports event aimed at promoting fitness, teamwork, and healthy competition. Players will compete in organized matches and enjoy an energetic atmosphere.",Sports
Mini Football League,"Mini Football League is a sports event aimed at promoting fitness, teamwork, and healthy competition. Players will compete in organized matches and enjoy an energetic atmosphere.",Sports
Street Cricket Bash,"Street Cricket Bash is a sports event aimed at promoting fitness, teamwork, and healthy competition. Players will compete in organized matches and enjoy an energetic atmosphere.",Sports
Skating Workshop,"Skating Workshop is a sports event aimed at promoting fitness, teamwork, and healthy competition. Players will compete in organized matches and enjoy an energetic atmosphere.",Sports
Esports Gaming Tournament,"Esports Gaming Tournament is a sports event aimed at promoting fitness, teamwork, and healthy competition. Players will compete in organized matches and enjoy an energetic atmosphere.",Sports
Virtual Racing League,"Virtual Racing League is a sports event aimed at promoting fitness, teamwork, and healthy competition. Players will compete in organized matches and enjoy an energetic atmosphere.",Sports
Fitness Assessment Day,"Fitness Assessment Day is a sports event aimed at promoting fitness, teamwork, and healthy competition. Players will compete in organized matches and enjoy an energetic atmosphere.",Sports
Sports Day Celebration,"Sports Day Celebration is a sports event aimed at promoting fitness, teamwork, and healthy competition. Players will compete in organized matches and enjoy an energetic atmosphere.",Sports
Gym Orientation Session,"Gym Orientation Session is a sports event aimed at promoting fitness, teamwork, and healthy competition. Players will compete in organized matches and enjoy an energetic atmosphere.",Sports
Climbing Wall Intro,"Climbing Wall Intro is a sports event aimed at promoting fitness, teamwork, and healthy competition. Players will compete in organized matches and enjoy an energetic atmosphere.",Sports
Adventure Sports Talk,"Adventure Sports Talk is a sports event aimed at promoting fitness, teamwork, and healthy competition. Players will compete in organized matches and enjoy an energetic atmosphere.",Sports
Ultimate Frisbee Match,"Ultimate Frisbee Match is a sports event aimed at promoting fitness, teamwork, and healthy competition. Players will compete in organized matches and enjoy an energetic atmosphere.",Sports
Handball Tournament,"Handball Tournament is a sports event aimed at promoting fitness, teamwork, and healthy competition. Players will compete in organized matches and enjoy an energetic atmosphere.",Sports
Rugby Basics Demo,"Rugby Basics Demo is a sports event aimed at promoting fitness, teamwork, and healthy competition. Players will compete in organized matches and enjoy an energetic atmosphere.",Sports
Dodgeball Fun Game,"Dodgeball Fun Game is a sports event aimed at promoting fitness, teamwork, and healthy competition. Players will compete in organized matches and enjoy an energetic atmosphere.",Sports
Relay Fun Races,"Relay Fun Races is a sports event aimed at promoting fitness, teamwork, and healthy competition. Players will compete in organized matches and enjoy an energetic atmosphere.",Sports
Sports Coaching Clinic,"Sports Coaching Clinic is a sports event aimed at promoting fitness, teamwork, and healthy competition. Players will compete in organized matches and enjoy an energetic atmosphere.",Sports
Inter-house Sports Finals,"Inter-house Sports Finals is a sports event aimed at promoting fitness, teamwork, and healthy competition. Players will compete in organized matches and enjoy an energetic atmosphere.",Sports
Friendly Football Match,"Friendly Football Match is a sports event aimed at promoting fitness, teamwork, and healthy competition. Players will compete in organized matches and enjoy an energetic atmosphere.",Sports
Cricket Friendly Game,"Cricket Friendly Game is a sports event aimed at promoting fitness, teamwork, and healthy competition. Players will compete in organized matches and enjoy an energetic atmosphere.",Sports
Basketball 3v3 Event,"Basketball 3v3 Event is a sports event aimed at promoting fitness, teamwork, and healthy competition. Players will compete in organized matches and enjoy an energetic atmosphere.",Sports
Fitness Challenge Week,"Fitness Challenge Week is a sports event aimed at promoting fitness, teamwork, and healthy competition. Players will compete in organized matches and enjoy an energetic atmosphere.",Sports
Run for Health,"Run for Health is a sports event aimed at promoting fitness, teamwork, and healthy competition. Players will compete in organized matches and enjoy an energetic atmosphere.",Sports
Campus Sports Carnival,"Campus Sports Carnival is a sports event aimed at promoting fitness, teamwork, and healthy competition. Players will compete in organized matches and enjoy an energetic atmosphere.",Sports
Athlete Interaction Session,"Athlete Interaction Session is a sports event aimed at promoting fitness, teamwork, and healthy competition. Players will compete in organized matches and enjoy an energetic atmosphere.",Sports
Women’s Sports Day,"Women’s Sports Day is a sports event aimed at promoting fitness, teamwork, and healthy competition. Players will compete in organized matches and enjoy an energetic atmosphere.",Sports
Bhajan Sandhya,"Bhajan Sandhya is a devotional gathering centered on peace, reflection, and spiritual growth. Participants can join in prayers, bhajans, and thought-provoking discussions.",Devotional
Meditation Camp,"Meditation Camp is a devotional gathering centered on peace, reflection, and spiritual growth. Participants can join in prayers, bhajans, and thought-provoking discussions.",Devotional
Yoga and Spirituality Session,"Yoga and Spirituality Session is a devotional gathering centered on peace, reflection, and spiritual growth. Participants can join in prayers, bhajans, and thought-provoking discussions.",Devotional
Temple Visit,"Temple Visit is a devotional gathering centered on peace, reflection, and spiritual growth. Participants can join in prayers, bhajans, and thought-provoking discussions.",Devotional
Gita Chanting Session,"Gita Chanting Session is a devotional gathering centered on peace, reflection, and spiritual growth. Participants can join in prayers, bhajans, and thought-provoking discussions.",Devotional
Satsang Evening,"Satsang Evening is a devotional gathering centered on peace, reflection, and spiritual growth. Participants can join in prayers, bhajans, and thought-provoking discussions.",Devotional
Mindfulness Workshop,"Mindfulness Workshop is a devotional gathering centered on peace, reflection, and spiritual growth. Participants can join in prayers, bhajans, and thought-provoking discussions.",Devotional
Spiritual Discourse,"Spiritual Discourse is a devotional gathering centered on peace, reflection, and spiritual growth. Participants can join in prayers, bhajans, and thought-provoking discussions.",Devotional
Festival Pooja,"Festival Pooja is a devotional gathering centered on peace, reflection, and spiritual growth. Participants can join in prayers, bhajans, and thought-provoking discussions.",Devotional
Morning Prayer Meet,"Morning Prayer Meet is a devotional gathering centered on peace, reflection, and spiritual growth. Participants can join in prayers, bhajans, and thought-provoking discussions.",Devotional
Chanting and Kirtan,"Chanting and Kirtan is a devotional gathering centered on peace, reflection, and spiritual growth. Participants can join in prayers, bhajans, and thought-provoking discussions.",Devotional
Peace and Harmony Talk,"Peace and Harmony Talk is a devotional gathering centered on peace, reflection, and spiritual growth. Participants can join in prayers, bhajans, and thought-provoking discussions.",Devotional
Devotional Music Night,"Devotional Music Night is a devotional gathering centered on peace, reflection, and spiritual growth. Participants can join in prayers, bhajans, and thought-provoking discussions.",Devotional
Scripture Study Circle,"Scripture Study Circle is a devotional gathering centered on peace, reflection, and spiritual growth. Participants can join in prayers, bhajans, and thought-provoking discussions.",Devotional
Inner Peace Retreat,"Inner Peace Retreat is a devotional gathering centered on peace, reflection, and spiritual growth. Participants can join in prayers, bhajans, and thought-provoking discussions.",Devotional
Guided Meditation Session,"Guided Meditation Session is a devotional gathering centered on peace, reflection, and spiritual growth. Participants can join in prayers, bhajans, and thought-provoking discussions.",Devotional
Spiritual Film Screening,"Spiritual Film Screening is a devotional gathering centered on peace, reflection, and spiritual growth. Participants can join in prayers, bhajans, and thought-provoking discussions.",Devotional
Faith and Values Talk,"Faith and Values Talk is a devotional gathering centered on peace, reflection, and spiritual growth. Participants can join in prayers, bhajans, and thought-provoking discussions.",Devotional
Community Prayer Gathering,"Community Prayer Gathering is a devotional gathering centered on peace, reflection, and spiritual growth. Participants can join in prayers, bhajans, and thought-provoking discussions.",Devotional
Devotional Songs Competition,"Devotional Songs Competition is a devotional gathering centered on peace, reflection, and spiritual growth. Participants can join in prayers, bhajans, and thought-provoking discussions.",Devotional
Bhakti Yoga Session,"Bhakti Yoga Session is a devotional gathering centered on peace, reflection, and spiritual growth. Participants can join in prayers, bhajans, and thought-provoking discussions.",Devotional
Inspirational Talk Series,"Inspirational Talk Series is a devotional gathering centered on peace, reflection, and spiritual growth. Participants can join in prayers, bhajans, and thought-provoking discussions.",Devotional
Soulful Music Hour,"Soulful Music Hour is a devotional gathering centered on peace, reflection, and spiritual growth. Participants can join in prayers, bhajans, and thought-provoking discussions.",Devotional
Festival Celebration Pooja,"Festival Celebration Pooja is a devotional gathering centered on peace, reflection, and spiritual growth. Participants can join in prayers, bhajans, and thought-provoking discussions.",Devotional
Lamp Lighting Ceremony,"Lamp Lighting Ceremony is a devotional gathering centered on peace, reflection, and spiritual growth. Participants can join in prayers, bhajans, and thought-provoking discussions.",Devotional
Mantra Meditation Session,"Mantra Meditation Session is a devotional gathering centered on peace, reflection, and spiritual growth. Participants can join in prayers, bhajans, and thought-provoking discussions.",Devotional
Spiritual Wellness Workshop,"Spiritual Wellness Workshop is a devotional gathering centered on peace, reflection, and spiritual growth. Participants can join in prayers, bhajans, and thought-provoking discussions.",Devotional
Interfaith Harmony Meet,"Interfaith Harmony Meet is a devotional gathering centered on peace, reflection, and spiritual growth. Participants can join in prayers, bhajans, and thought-provoking discussions.",Devotional
Silent Meditation Hour,"Silent Meditation Hour is a devotional gathering centered on peace, reflection, and spiritual growth. Participants can join in prayers, bhajans, and thought-provoking discussions.",Devotional
Evening Aarti,"Evening Aarti is a devotional gathering centered on peace, reflection, and spiritual growth. Participants can join in prayers, bhajans, and thought-provoking discussions.",Devotional
Temple Cleanliness Drive,"Temple Cleanliness Drive is a devotional gathering centered on peace, reflection, and spiritual growth. Participants can join in prayers, bhajans, and thought-provoking discussions.",Devotional
Charity and Service Talk,"Charity and Service Talk is a devotional gathering centered on peace, reflection, and spiritual growth. Participants can join in prayers, bhajans, and thought-provoking discussions.",Devotional
Spiritual Q&A Session,"Spiritual Q&A Session is a devotional gathering centered on peace, reflection, and spiritual growth. Participants can join in prayers, bhajans, and thought-provoking discussions.",Devotional
Kirtan Night,"Kirtan Night is a devotional gathering centered on peace, reflection, and spiritual growth. Participants can join in prayers, bhajans, and thought-provoking discussions.",Devotional
Meditation for Students,"Meditation for Students is a devotional gathering centered on peace, reflection, and spiritual growth. Participants can join in prayers, bhajans, and thought-provoking discussions.",Devotional
Positive Thinking Workshop,"Positive Thinking Workshop is a devotional gathering centered on peace, reflection, and spiritual growth. Participants can join in prayers, bhajans, and thought-provoking discussions.",Devotional
Stress Relief through Prayer,"Stress Relief through Prayer is a devotional gathering centered on peace, reflection, and spiritual growth. Participants can join in prayers, bhajans, and thought-provoking discussions.",Devotional
Peace Walk,"Peace Walk is a devotional gathering centered on peace, reflection, and spiritual growth. Participants can join in prayers, bhajans, and thought-provoking discussions.",Devotional
Spiritual Book Reading,"Spiritual Book Reading is a devotional gathering centered on peace, reflection, and spiritual growth. Participants can join in prayers, bhajans, and thought-provoking discussions.",Devotional
Devotional Dance Performance,"Devotional Dance Performance is a devotional gathering centered on peace, reflection, and spiritual growth. Participants can join in prayers, bhajans, and thought-provoking discussions.",Devotional
Spiritual Storytelling,"Spiritual Storytelling is a devotional gathering centered on peace, reflection, and spiritual growth. Participants can join in prayers, bhajans, and thought-provoking discussions.",Devotional
Inner Strength Session,"Inner Strength Session is a devotional gathering centered on peace, reflection, and spiritual growth. Participants can join in prayers, bhajans, and thought-provoking discussions.",Devotional
Faith and Mindfulness Talk,"Faith and Mindfulness Talk is a devotional gathering centered on peace, reflection, and spiritual growth. Participants can join in prayers, bhajans, and thought-provoking discussions.",Devotional
Bhajan Competition,"Bhajan Competition is a devotional gathering centered on peace, reflection, and spiritual growth. Participants can join in prayers, bhajans, and thought-provoking discussions.",Devotional
Weekly Prayer Circle,"Weekly Prayer Circle is a devotional gathering centered on peace, reflection, and spiritual growth. Participants can join in prayers, bhajans, and thought-provoking discussions.",Devotional
Early Morning Meditation,"Early Morning Meditation is a devotional gathering centered on peace, reflection, and spiritual growth. Participants can join in prayers, bhajans, and thought-provoking discussions.",Devotional
"Yoga, Breath, and Prayer","Yoga, Breath, and Prayer is a devotional gathering centered on peace, reflection, and spiritual growth. Participants can join in prayers, bhajans, and thought-provoking discussions.",Devotional
Gratitude and Prayer Session,"Gratitude and Prayer Session is a devotional gathering centered on peace, reflection, and spiritual growth. Participants can join in prayers, bhajans, and thought-provoking discussions.",Devotional
Festive Bhajan Night,"Festive Bhajan Night is a devotional gathering centered on peace, reflection, and spiritual growth. Participants can join in prayers, bhajans, and thought-provoking discussions.",Devotional
Holy Scripture Recitation,"Holy Scripture Recitation is a devotional gathering centered on peace, reflection, and spiritual growth. Participants can join in prayers, bhajans, and thought-provoking discussions.",Devotional
Reflection and Silence Hour,"Reflection and Silence Hour is a devotional gathering centered on peace, reflection, and spiritual growth. Participants can join in prayers, bhajans, and thought-provoking discussions.",Devotional
Values and Ethics Talk,"Values and Ethics Talk is a devotional gathering centered on peace, reflection, and spiritual growth. Participants can join in prayers, bhajans, and thought-provoking discussions.",Devotional
Devotional Choir Practice,"Devotional Choir Practice is a devotional gathering centered on peace, reflection, and spiritual growth. Participants can join in prayers, bhajans, and thought-provoking discussions.",Devotional
Meditation for Beginners,"Meditation for Beginners is a devotional gathering centered on peace, reflection, and spiritual growth. Participants can join in prayers, bhajans, and thought-provoking discussions.",Devotional
Festival Kirtan Special,"Festival Kirtan Special is a devotional gathering centered on peace, reflection, and spiritual growth. Participants can join in prayers, bhajans, and thought-provoking discussions.",Devotional
Chanting for Peace,"Chanting for Peace is a devotional gathering centered on peace, reflection, and spiritual growth. Participants can join in prayers, bhajans, and thought-provoking discussions.",Devotional
Community Satsang,"Community Satsang is a devotional gathering centered on peace, reflection, and spiritual growth. Participants can join in prayers, bhajans, and thought-provoking discussions.",Devotional
